# t /s, C /M, C /M, C /M,Cb/M,,1/c _ a,1/c_b,1/c_C,,,
0,0.0341,0.0192,0.0152,2.1,,29.3255132,52.08333333,65.78947368,,,
0.075,0.0341,0.0192,0.0148,2.1,,29.3255132,52.08333333,67.56756757,,,
0.15,0.0339,0.0189,0.0151,2.1,,29.49852507,52.91005291,66.22516556,,Order 2,
0.225,0.0338,0.0185,0.0148,2.1,,29.58579882,54.05405405,67.56756757,,Slope Time vs Concentration A,
0.3,0.0337,0.019,0.015,2.1,,29.6735905,52.63157895,66.66666667,k = ,1.334681052,liter mol-1 s-1
0.375,0.0338,0.019,0.0147,2.1,,29.58579882,52.63157895,68.02721088,,Slope Time vs Concentration B,
0.45,0.0333,0.0186,0.0148,2.1,,30.03003003,53.76344086,67.56756757,k = ,1.347028812,liter mol-1 s-1
0.525,0.0336,0.0191,0.0153,2.1,,29.76190476,52.35602094,65.35947712,,Slope Time vs Concentration C,
0.6,0.0332,0.0189,0.0147,2.1,,30.12048193,52.91005291,68.02721088,k = ,1.337833331,liter mol-1 s-1
0.675,0.0332,0.0186,0.0148,2.1,,30.12048193,53.76344086,67.56756757,,,
0.75,0.0325,0.0187,0.0148,2.1,,30.76923077,53.47593583,67.56756757,,,
0.825,0.0327,0.0183,0.0146,2.1,,30.58103976,54.64480874,68.49315068,,,
0.9,0.0325,0.019,0.0147,2.1,,30.76923077,52.63157895,68.02721088,,,
0.975,0.0325,0.019,0.0148,2.1,,30.76923077,52.63157895,67.56756757,,,
1.05,0.0323,0.0188,0.0149,2.1,,30.95975232,53.19148936,67.11409396,,,
1.125,0.0325,0.0184,0.0148,2.1,,30.76923077,54.34782609,67.56756757,,,
1.2,0.0321,0.0182,0.0147,2.1,,31.15264798,54.94505495,68.02721088,,,
1.275,0.0324,0.0186,0.0145,2.1,,30.86419753,53.76344086,68.96551724,,,
1.35,0.032,0.0183,0.0146,2.1,,31.25,54.64480874,68.49315068,,,
1.425,0.0321,0.0183,0.0147,2.1,,31.15264798,54.64480874,68.02721088,,,
1.5,0.0317,0.0188,0.0143,2.1,,31.54574132,53.19148936,69.93006993,,,
1.575,0.0315,0.0187,0.0147,2.1,,31.74603175,53.47593583,68.02721088,,,
1.65,0.0316,0.0185,0.0142,2.1,,31.64556962,54.05405405,70.42253521,,,
1.725,0.0315,0.018,0.0148,2.1,,31.74603175,55.55555556,67.56756757,,,
1.8,0.0314,0.0179,0.0145,2.1,,31.84713376,55.86592179,68.96551724,,,
1.875,0.0312,0.0181,0.0142,2.1,,32.05128205,55.24861878,70.42253521,,,
1.95,0.0313,0.0181,0.0144,2.1,,31.94888179,55.24861878,69.44444444,,,
2.025,0.0314,0.0182,0.0145,2.1,,31.84713376,54.94505495,68.96551724,,,
2.1,0.0315,0.0182,0.0144,2.1,,31.74603175,54.94505495,69.44444444,,,
2.175,0.031,0.0183,0.0147,2.1,,32.25806452,54.64480874,68.02721088,,,
2.25,0.0311,0.0179,0.0141,2.1,,32.15434084,55.86592179,70.92198582,,,
2.325,0.0304,0.0181,0.0146,2.1,,32.89473684,55.24861878,68.49315068,,,
2.4,0.0303,0.0176,0.0143,2.1,,33.00330033,56.81818182,69.93006993,,,
2.475,0.0307,0.0181,0.0141,2.1,,32.5732899,55.24861878,70.92198582,,,
2.55,0.0307,0.0177,0.0145,2.1,,32.5732899,56.49717514,68.96551724,,,
2.625,0.0303,0.0177,0.0144,2.1,,33.00330033,56.49717514,69.44444444,,,
2.7,0.0303,0.0178,0.014,2.1,,33.00330033,56.17977528,71.42857143,,,
2.775,0.0303,0.018,0.0139,2.1,,33.00330033,55.55555556,71.94244604,,,
2.85,0.0299,0.0177,0.0142,2.1,,33.44481605,56.49717514,70.42253521,,,
2.925,0.0302,0.0178,0.0143,2.1,,33.11258278,56.17977528,69.93006993,,,
3,0.0298,0.0177,0.0142,2.1,,33.55704698,56.49717514,70.42253521,,,
3.075,0.0299,0.0175,0.0136,2.1,,33.44481605,57.14285714,73.52941176,,,
3.15,0.0298,0.0178,0.0145,2.1,,33.55704698,56.17977528,68.96551724,,,
3.225,0.0297,0.0173,0.0143,2.1,,33.67003367,57.80346821,69.93006993,,,
3.3,0.0295,0.0175,0.0141,2.1,,33.89830508,57.14285714,70.92198582,,,
3.375,0.0298,0.0175,0.0144,2.1,,33.55704698,57.14285714,69.44444444,,,
3.45,0.0293,0.0176,0.0138,2.1,,34.12969283,56.81818182,72.46376812,,,
3.525,0.0291,0.0173,0.014,2.1,,34.36426117,57.80346821,71.42857143,,,
3.6,0.0294,0.0174,0.0142,2.1,,34.01360544,57.47126437,70.42253521,,,
3.675,0.0289,0.0172,0.0141,2.1,,34.60207612,58.13953488,70.92198582,,,
3.75,0.0287,0.0174,0.0139,2.1,,34.84320557,57.47126437,71.94244604,,,
3.825,0.029,0.0172,0.0141,2.1,,34.48275862,58.13953488,70.92198582,,,
3.9,0.0288,0.0174,0.014,2.1,,34.72222222,57.47126437,71.42857143,,,
3.975,0.0289,0.0172,0.0136,2.1,,34.60207612,58.13953488,73.52941176,,,
4.05,0.0291,0.0169,0.0137,2.1,,34.36426117,59.17159763,72.99270073,,,
4.125,0.0284,0.0175,0.0141,2.1,,35.21126761,57.14285714,70.92198582,,,
4.2,0.0287,0.0175,0.0137,2.1,,34.84320557,57.14285714,72.99270073,,,
4.275,0.0285,0.0175,0.0139,2.1,,35.0877193,57.14285714,71.94244604,,,
4.35,0.0283,0.0169,0.014,2.1,,35.33568905,59.17159763,71.42857143,,,
4.425,0.0283,0.017,0.0136,2.1,,35.33568905,58.82352941,73.52941176,,,
4.5,0.0281,0.017,0.0136,2.1,,35.58718861,58.82352941,73.52941176,,,
4.575,0.0281,0.017,0.0138,2.1,,35.58718861,58.82352941,72.46376812,,,
4.65,0.028,0.0172,0.0136,2.1,,35.71428571,58.13953488,73.52941176,,,
4.725,0.0284,0.0169,0.0139,2.1,,35.21126761,59.17159763,71.94244604,,,
4.8,0.0281,0.0168,0.0137,2.1,,35.58718861,59.52380952,72.99270073,,,
4.875,0.028,0.0167,0.0139,2.1,,35.71428571,59.88023952,71.94244604,,,
4.95,0.0277,0.0164,0.0135,2.1,,36.10108303,60.97560976,74.07407407,,,
5.025,0.0278,0.017,0.0139,2.1,,35.97122302,58.82352941,71.94244604,,,
5.1,0.0277,0.0171,0.0135,2.1,,36.10108303,58.47953216,74.07407407,,,
5.175,0.0277,0.0166,0.0136,2.1,,36.10108303,60.24096386,73.52941176,,,
5.25,0.0273,0.0169,0.0135,2.1,,36.63003663,59.17159763,74.07407407,,,
5.325,0.0271,0.0166,0.0136,2.1,,36.900369,60.24096386,73.52941176,,,
5.4,0.0272,0.0166,0.0133,2.1,,36.76470588,60.24096386,75.18796992,,,
5.475,0.0272,0.0167,0.0133,2.1,,36.76470588,59.88023952,75.18796992,,,
5.55,0.0266,0.0168,0.0133,2.1,,37.59398496,59.52380952,75.18796992,,,
5.625,0.0269,0.0167,0.0138,2.1,,37.17472119,59.88023952,72.46376812,,,
5.7,0.0274,0.0169,0.0134,2.1,,36.49635036,59.17159763,74.62686567,,,
5.775,0.0267,0.0168,0.0136,2.1,,37.45318352,59.52380952,73.52941176,,,
5.85,0.0267,0.0165,0.0131,2.1,,37.45318352,60.60606061,76.33587786,,,
5.925,0.0267,0.0166,0.0132,2.1,,37.45318352,60.24096386,75.75757576,,,
6,0.0267,0.0163,0.0136,2.1,,37.45318352,61.34969325,73.52941176,,,
6.075,0.0266,0.0162,0.0133,2.1,,37.59398496,61.72839506,75.18796992,,,
6.15,0.0267,0.0164,0.0134,2.1,,37.45318352,60.97560976,74.62686567,,,
6.225,0.0263,0.0164,0.0134,2.1,,38.02281369,60.97560976,74.62686567,,,
6.3,0.0266,0.0161,0.0133,2.1,,37.59398496,62.11180124,75.18796992,,,
6.375,0.0263,0.0164,0.0138,2.1,,38.02281369,60.97560976,72.46376812,,,
6.45,0.0261,0.0167,0.013,2.1,,38.31417625,59.88023952,76.92307692,,,
6.525,0.0263,0.0165,0.0132,2.1,,38.02281369,60.60606061,75.75757576,,,
6.6,0.0261,0.0163,0.0133,2.1,,38.31417625,61.34969325,75.18796992,,,
6.675,0.0256,0.0163,0.0136,2.1,,39.0625,61.34969325,73.52941176,,,
6.75,0.026,0.0161,0.0136,2.1,,38.46153846,62.11180124,73.52941176,,,
6.825,0.026,0.0163,0.0129,2.1,,38.46153846,61.34969325,77.51937984,,,
6.9,0.0263,0.0161,0.0134,2.1,,38.02281369,62.11180124,74.62686567,,,
6.975,0.0259,0.0163,0.0132,2.1,,38.61003861,61.34969325,75.75757576,,,
7.05,0.0257,0.0164,0.0129,2.1,,38.91050584,60.97560976,77.51937984,,,
7.125,0.0256,0.0163,0.013,2.1,,39.0625,61.34969325,76.92307692,,,
7.2,0.0258,0.0159,0.013,2.1,,38.75968992,62.89308176,76.92307692,,,
7.275,0.0255,0.0157,0.0127,2.1,,39.21568627,63.69426752,78.74015748,,,
7.35,0.0255,0.0159,0.0131,2.1,,39.21568627,62.89308176,76.33587786,,,
7.425,0.0258,0.0161,0.0131,2.1,,38.75968992,62.11180124,76.33587786,,,
7.5,0.0252,0.0162,0.0131,2.1,,39.68253968,61.72839506,76.33587786,,,
7.575,0.0252,0.0158,0.0131,2.1,,39.68253968,63.29113924,76.33587786,,,
7.65,0.0252,0.0161,0.0127,2.1,,39.68253968,62.11180124,78.74015748,,,
7.725,0.0251,0.016,0.0128,2.1,,39.84063745,62.5,78.125,,,
7.8,0.0251,0.016,0.0132,2.1,,39.84063745,62.5,75.75757576,,,
7.875,0.025,0.0157,0.0128,2.1,,40,63.69426752,78.125,,,
7.95,0.0251,0.016,0.0128,2.1,,39.84063745,62.5,78.125,,,
8.025,0.0246,0.0158,0.0133,2.1,,40.6504065,63.29113924,75.18796992,,,
8.1,0.0249,0.0158,0.0129,2.1,,40.16064257,63.29113924,77.51937984,,,
8.175,0.0245,0.0154,0.013,2.1,,40.81632653,64.93506494,76.92307692,,,
8.25,0.0246,0.0157,0.0128,2.1,,40.6504065,63.69426752,78.125,,,
8.325,0.0245,0.0155,0.0128,2.1,,40.81632653,64.51612903,78.125,,,
8.4,0.0246,0.016,0.0129,2.1,,40.6504065,62.5,77.51937984,,,
8.475,0.0246,0.0152,0.0127,2.1,,40.6504065,65.78947368,78.74015748,,,
8.55,0.0242,0.0155,0.0124,2.1,,41.32231405,64.51612903,80.64516129,,,
8.625,0.0242,0.0155,0.013,2.1,,41.32231405,64.51612903,76.92307692,,,
8.7,0.0239,0.0155,0.0127,2.1,,41.84100418,64.51612903,78.74015748,,,
8.775,0.0243,0.0155,0.0126,2.1,,41.15226337,64.51612903,79.36507937,,,
8.85,0.0244,0.0152,0.0127,2.1,,40.98360656,65.78947368,78.74015748,,,
8.925,0.024,0.0154,0.013,2.1,,41.66666667,64.93506494,76.92307692,,,
9,0.0239,0.0154,0.0127,2.1,,41.84100418,64.93506494,78.74015748,,,
9.075,0.024,0.0151,0.0126,2.1,,41.66666667,66.22516556,79.36507937,,,
9.15,0.0241,0.0156,0.0124,2.1,,41.49377593,64.1025641,80.64516129,,,
9.225,0.0241,0.0153,0.0131,2.1,,41.49377593,65.35947712,76.33587786,,,
9.3,0.0237,0.0155,0.0125,2.1,,42.19409283,64.51612903,80,,,
9.375,0.024,0.0153,0.0126,2.1,,41.66666667,65.35947712,79.36507937,,,
9.45,0.0236,0.0151,0.0127,2.1,,42.37288136,66.22516556,78.74015748,,,
9.525,0.0238,0.0155,0.0128,2.1,,42.01680672,64.51612903,78.125,,,
9.6,0.0239,0.0155,0.0125,2.1,,41.84100418,64.51612903,80,,,
9.675,0.0235,0.0154,0.0128,2.1,,42.55319149,64.93506494,78.125,,,
9.75,0.0234,0.0153,0.0126,2.1,,42.73504274,65.35947712,79.36507937,,,
9.825,0.0234,0.0152,0.0129,2.1,,42.73504274,65.78947368,77.51937984,,,
9.9,0.0232,0.015,0.0129,2.1,,43.10344828,66.66666667,77.51937984,,,
9.975,0.0232,0.0152,0.0125,2.1,,43.10344828,65.78947368,80,,,
10.05,0.0236,0.0151,0.0126,2.1,,42.37288136,66.22516556,79.36507937,,,
10.125,0.0235,0.015,0.0123,2.1,,42.55319149,66.66666667,81.30081301,,,
10.2,0.0228,0.0149,0.0125,2.1,,43.85964912,67.11409396,80,,,
10.275,0.023,0.0149,0.0122,2.1,,43.47826087,67.11409396,81.96721311,,,
10.35,0.0235,0.0147,0.0121,2.1,,42.55319149,68.02721088,82.6446281,,,
10.425,0.0229,0.0149,0.0123,2.1,,43.66812227,67.11409396,81.30081301,,,
10.5,0.023,0.0149,0.0121,2.1,,43.47826087,67.11409396,82.6446281,,,
10.575,0.023,0.0148,0.0121,2.1,,43.47826087,67.56756757,82.6446281,,,
10.65,0.0229,0.0149,0.0127,2.1,,43.66812227,67.11409396,78.74015748,,,
10.725,0.0224,0.0148,0.0123,2.1,,44.64285714,67.56756757,81.30081301,,,
10.8,0.023,0.015,0.0125,2.1,,43.47826087,66.66666667,80,,,
10.875,0.023,0.0149,0.0122,2.1,,43.47826087,67.11409396,81.96721311,,,
10.95,0.0228,0.0149,0.0122,2.1,,43.85964912,67.11409396,81.96721311,,,
11.025,0.0228,0.0149,0.0128,2.1,,43.85964912,67.11409396,78.125,,,
11.1,0.0229,0.0151,0.0121,2.1,,43.66812227,66.22516556,82.6446281,,,
11.175,0.0224,0.015,0.0124,2.1,,44.64285714,66.66666667,80.64516129,,,
11.25,0.0224,0.0149,0.0124,2.1,,44.64285714,67.11409396,80.64516129,,,
11.325,0.0225,0.0148,0.0126,2.1,,44.44444444,67.56756757,79.36507937,,,
11.4,0.0223,0.0145,0.0123,2.1,,44.84304933,68.96551724,81.30081301,,,
11.475,0.0226,0.0149,0.0123,2.1,,44.24778761,67.11409396,81.30081301,,,
11.55,0.0218,0.0148,0.0121,2.1,,45.87155963,67.56756757,82.6446281,,,
11.625,0.0224,0.0145,0.0122,2.1,,44.64285714,68.96551724,81.96721311,,,
11.7,0.0221,0.0147,0.0122,2.1,,45.24886878,68.02721088,81.96721311,,,
11.775,0.0219,0.0144,0.012,2.1,,45.66210046,69.44444444,83.33333333,,,
11.85,0.0217,0.014,0.0121,2.1,,46.08294931,71.42857143,82.6446281,,,
11.925,0.022,0.0149,0.0122,2.1,,45.45454545,67.11409396,81.96721311,,,
12,0.0221,0.0146,0.0123,2.1,,45.24886878,68.49315068,81.30081301,,,
12.075,0.0218,0.0146,0.0123,2.1,,45.87155963,68.49315068,81.30081301,,,
12.15,0.0216,0.0146,0.0119,2.1,,46.2962963,68.49315068,84.03361345,,,
12.225,0.0217,0.0148,0.0123,2.1,,46.08294931,67.56756757,81.30081301,,,
12.3,0.0218,0.0146,0.0122,2.1,,45.87155963,68.49315068,81.96721311,,,
12.375,0.0218,0.0149,0.0118,2.1,,45.87155963,67.11409396,84.74576271,,,
12.45,0.0215,0.0147,0.0121,2.1,,46.51162791,68.02721088,82.6446281,,,
12.525,0.0218,0.0145,0.0122,2.1,,45.87155963,68.96551724,81.96721311,,,
12.6,0.0217,0.0146,0.0118,2.1,,46.08294931,68.49315068,84.74576271,,,
12.675,0.0217,0.0147,0.0119,2.1,,46.08294931,68.02721088,84.03361345,,,
12.75,0.0217,0.0144,0.0123,2.1,,46.08294931,69.44444444,81.30081301,,,
12.825,0.0215,0.0147,0.012,2.1,,46.51162791,68.02721088,83.33333333,,,
12.9,0.0214,0.0141,0.0117,2.1,,46.72897196,70.92198582,85.47008547,,,
12.975,0.0216,0.0146,0.0119,2.1,,46.2962963,68.49315068,84.03361345,,,
13.05,0.0215,0.0138,0.0118,2.1,,46.51162791,72.46376812,84.74576271,,,
13.125,0.0209,0.014,0.012,2.1,,47.84688995,71.42857143,83.33333333,,,
13.2,0.0208,0.0143,0.0119,2.1,,48.07692308,69.93006993,84.03361345,,,
13.275,0.021,0.014,0.0121,2.1,,47.61904762,71.42857143,82.6446281,,,
13.35,0.021,0.014,0.0119,2.1,,47.61904762,71.42857143,84.03361345,,,
13.425,0.0212,0.0142,0.0118,2.1,,47.16981132,70.42253521,84.74576271,,,
13.5,0.021,0.0145,0.0116,2.1,,47.61904762,68.96551724,86.20689655,,,
13.575,0.021,0.0144,0.0118,2.1,,47.61904762,69.44444444,84.74576271,,,
13.65,0.0211,0.0141,0.012,2.1,,47.39336493,70.92198582,83.33333333,,,
13.725,0.021,0.0139,0.0116,2.1,,47.61904762,71.94244604,86.20689655,,,
13.8,0.0208,0.014,0.0117,2.1,,48.07692308,71.42857143,85.47008547,,,
13.875,0.0207,0.0142,0.0115,2.1,,48.30917874,70.42253521,86.95652174,,,
13.95,0.0206,0.0142,0.0117,2.1,,48.54368932,70.42253521,85.47008547,,,
14.025,0.0206,0.0143,0.0115,2.1,,48.54368932,69.93006993,86.95652174,,,
14.1,0.0204,0.0142,0.012,2.1,,49.01960784,70.42253521,83.33333333,,,
14.175,0.0205,0.0138,0.0113,2.1,,48.7804878,72.46376812,88.49557522,,,
14.25,0.0209,0.0143,0.0116,2.1,,47.84688995,69.93006993,86.20689655,,,
14.325,0.0206,0.0139,0.0112,2.1,,48.54368932,71.94244604,89.28571429,,,
14.4,0.0205,0.0143,0.0115,2.1,,48.7804878,69.93006993,86.95652174,,,
14.475,0.0203,0.0142,0.0113,2.1,,49.26108374,70.42253521,88.49557522,,,
14.55,0.0205,0.0136,0.0115,2.1,,48.7804878,73.52941176,86.95652174,,,
14.625,0.0207,0.0135,0.0115,2.1,,48.30917874,74.07407407,86.95652174,,,
14.7,0.0201,0.0136,0.0115,2.1,,49.75124378,73.52941176,86.95652174,,,
14.775,0.0204,0.014,0.0115,2.1,,49.01960784,71.42857143,86.95652174,,,
14.85,0.0204,0.0139,0.0117,2.1,,49.01960784,71.94244604,85.47008547,,,
14.925,0.0205,0.014,0.0116,2.1,,48.7804878,71.42857143,86.20689655,,,
15,0.0204,0.0142,0.0115,2.1,,49.01960784,70.42253521,86.95652174,,,
15.075,0.0202,0.0137,0.0116,2.1,,49.5049505,72.99270073,86.20689655,,,
15.15,0.0197,0.0136,0.0119,2.1,,50.76142132,73.52941176,84.03361345,,,
15.225,0.0203,0.0139,0.0113,2.1,,49.26108374,71.94244604,88.49557522,,,
15.3,0.02,0.0136,0.0118,2.1,,50,73.52941176,84.74576271,,,
15.375,0.0201,0.0135,0.0115,2.1,,49.75124378,74.07407407,86.95652174,,,
15.45,0.0199,0.0138,0.0117,2.1,,50.25125628,72.46376812,85.47008547,,,
15.525,0.0202,0.0135,0.0115,2.1,,49.5049505,74.07407407,86.95652174,,,
15.6,0.0199,0.0137,0.0116,2.1,,50.25125628,72.99270073,86.20689655,,,
15.675,0.0196,0.0137,0.0112,2.1,,51.02040816,72.99270073,89.28571429,,,
15.75,0.0196,0.0133,0.0113,2.1,,51.02040816,75.18796992,88.49557522,,,
15.825,0.0199,0.0137,0.0113,2.1,,50.25125628,72.99270073,88.49557522,,,
15.9,0.0195,0.0136,0.0115,2.1,,51.28205128,73.52941176,86.95652174,,,
15.975,0.0195,0.0136,0.0111,2.1,,51.28205128,73.52941176,90.09009009,,,
16.05,0.0195,0.0139,0.011,2.1,,51.28205128,71.94244604,90.90909091,,,
16.125,0.0196,0.0134,0.0116,2.1,,51.02040816,74.62686567,86.20689655,,,
16.2,0.0197,0.0131,0.0115,2.1,,50.76142132,76.33587786,86.95652174,,,
16.275,0.0196,0.0138,0.0115,2.1,,51.02040816,72.46376812,86.95652174,,,
16.35,0.0192,0.0133,0.011,2.1,,52.08333333,75.18796992,90.90909091,,,
16.425,0.0196,0.0133,0.0113,2.1,,51.02040816,75.18796992,88.49557522,,,
16.5,0.0193,0.0133,0.0115,2.1,,51.8134715,75.18796992,86.95652174,,,
16.575,0.0201,0.0134,0.0113,2.1,,49.75124378,74.62686567,88.49557522,,,
16.65,0.0193,0.0132,0.0113,2.1,,51.8134715,75.75757576,88.49557522,,,
16.725,0.0188,0.0134,0.0115,2.1,,53.19148936,74.62686567,86.95652174,,,
16.8,0.019,0.0133,0.0111,2.1,,52.63157895,75.18796992,90.09009009,,,
16.875,0.0192,0.0133,0.0114,2.1,,52.08333333,75.18796992,87.71929825,,,
16.95,0.0191,0.0132,0.0115,2.1,,52.35602094,75.75757576,86.95652174,,,
17.025,0.0193,0.0137,0.011,2.1,,51.8134715,72.99270073,90.90909091,,,
17.1,0.0194,0.0133,0.0114,2.1,,51.54639175,75.18796992,87.71929825,,,
17.175,0.019,0.0133,0.0111,2.1,,52.63157895,75.18796992,90.09009009,,,
17.25,0.019,0.0125,0.0113,2.1,,52.63157895,80,88.49557522,,,
17.325,0.0188,0.0131,0.0111,2.1,,53.19148936,76.33587786,90.09009009,,,
17.4,0.0192,0.0133,0.0112,2.1,,52.08333333,75.18796992,89.28571429,,,
17.475,0.0194,0.0133,0.011,2.1,,51.54639175,75.18796992,90.90909091,,,
17.55,0.0188,0.0135,0.0111,2.1,,53.19148936,74.07407407,90.09009009,,,
17.625,0.0189,0.0131,0.0112,2.1,,52.91005291,76.33587786,89.28571429,,,
17.7,0.0187,0.0127,0.0112,2.1,,53.47593583,78.74015748,89.28571429,,,
17.775,0.0189,0.0129,0.0115,2.1,,52.91005291,77.51937984,86.95652174,,,
17.85,0.0191,0.0131,0.0111,2.1,,52.35602094,76.33587786,90.09009009,,,
17.925,0.0188,0.0132,0.0109,2.1,,53.19148936,75.75757576,91.74311927,,,
18,0.0189,0.013,0.0111,2.1,,52.91005291,76.92307692,90.09009009,,,
18.075,0.0188,0.0126,0.011,2.1,,53.19148936,79.36507937,90.90909091,,,
18.15,0.0189,0.0134,0.011,2.1,,52.91005291,74.62686567,90.90909091,,,
18.225,0.0189,0.0133,0.0112,2.1,,52.91005291,75.18796992,89.28571429,,,
18.3,0.0187,0.013,0.0108,2.1,,53.47593583,76.92307692,92.59259259,,,
18.375,0.0182,0.0128,0.0107,2.1,,54.94505495,78.125,93.45794393,,,
18.45,0.0186,0.013,0.0109,2.1,,53.76344086,76.92307692,91.74311927,,,
18.525,0.0185,0.0128,0.0106,2.1,,54.05405405,78.125,94.33962264,,,
18.6,0.0185,0.0128,0.0112,2.1,,54.05405405,78.125,89.28571429,,,
18.675,0.0182,0.0129,0.0109,2.1,,54.94505495,77.51937984,91.74311927,,,
18.75,0.0184,0.0127,0.011,2.1,,54.34782609,78.74015748,90.90909091,,,
18.825,0.0181,0.0126,0.0107,2.1,,55.24861878,79.36507937,93.45794393,,,
18.9,0.0183,0.0127,0.011,2.1,,54.64480874,78.74015748,90.90909091,,,
18.975,0.0181,0.0125,0.0108,2.1,,55.24861878,80,92.59259259,,,
19.05,0.0184,0.0129,0.0108,2.1,,54.34782609,77.51937984,92.59259259,,,
19.125,0.0178,0.0125,0.011,2.1,,56.17977528,80,90.90909091,,,
19.2,0.0179,0.0129,0.0105,2.1,,55.86592179,77.51937984,95.23809524,,,
19.275,0.0182,0.0127,0.0105,2.1,,54.94505495,78.74015748,95.23809524,,,
19.35,0.0183,0.0126,0.0108,2.1,,54.64480874,79.36507937,92.59259259,,,
19.425,0.0179,0.0122,0.0107,2.1,,55.86592179,81.96721311,93.45794393,,,
19.5,0.0179,0.0125,0.0107,2.1,,55.86592179,80,93.45794393,,,
19.575,0.0176,0.0127,0.0107,2.1,,56.81818182,78.74015748,93.45794393,,,
19.65,0.0182,0.0127,0.0109,2.1,,54.94505495,78.74015748,91.74311927,,,
19.725,0.0177,0.0126,0.0109,2.1,,56.49717514,79.36507937,91.74311927,,,
19.8,0.0179,0.0126,0.0106,2.1,,55.86592179,79.36507937,94.33962264,,,
19.875,0.018,0.0125,0.0108,2.1,,55.55555556,80,92.59259259,,,
19.95,0.0174,0.0123,0.0108,2.1,,57.47126437,81.30081301,92.59259259,,,
20.025,0.0181,0.0121,0.0107,2.1,,55.24861878,82.6446281,93.45794393,,,
20.1,0.0177,0.0125,0.0105,2.1,,56.49717514,80,95.23809524,,,
20.175,0.0177,0.0125,0.0106,2.1,,56.49717514,80,94.33962264,,,
20.25,0.0173,0.0126,0.0108,2.1,,57.80346821,79.36507937,92.59259259,,,
20.325,0.0171,0.0124,0.011,2.1,,58.47953216,80.64516129,90.90909091,,,
20.4,0.0172,0.0121,0.011,2.1,,58.13953488,82.6446281,90.90909091,,,
20.475,0.0177,0.0126,0.0108,2.1,,56.49717514,79.36507937,92.59259259,,,
20.55,0.0179,0.0127,0.0102,2.1,,55.86592179,78.74015748,98.03921569,,,
20.625,0.0176,0.0126,0.0105,2.1,,56.81818182,79.36507937,95.23809524,,,
20.7,0.0172,0.0123,0.0103,2.1,,58.13953488,81.30081301,97.08737864,,,
20.775,0.0178,0.0125,0.0108,2.1,,56.17977528,80,92.59259259,,,
20.85,0.0179,0.0122,0.0107,2.1,,55.86592179,81.96721311,93.45794393,,,
20.925,0.0175,0.0126,0.0107,2.1,,57.14285714,79.36507937,93.45794393,,,
21,0.0174,0.0125,0.0108,2.1,,57.47126437,80,92.59259259,,,
21.075,0.0176,0.0124,0.0107,2.1,,56.81818182,80.64516129,93.45794393,,,
21.15,0.0174,0.0124,0.0106,2.1,,57.47126437,80.64516129,94.33962264,,,
21.225,0.0174,0.0125,0.0105,2.1,,57.47126437,80,95.23809524,,,
21.3,0.0171,0.0121,0.0102,2.1,,58.47953216,82.6446281,98.03921569,,,
21.375,0.0171,0.0124,0.0103,2.1,,58.47953216,80.64516129,97.08737864,,,
21.45,0.0175,0.0125,0.0105,2.1,,57.14285714,80,95.23809524,,,
21.525,0.0176,0.0121,0.0105,2.1,,56.81818182,82.6446281,95.23809524,,,
21.6,0.0171,0.012,0.0104,2.1,,58.47953216,83.33333333,96.15384615,,,
21.675,0.017,0.0122,0.0102,2.1,,58.82352941,81.96721311,98.03921569,,,
21.75,0.0172,0.0123,0.0105,2.1,,58.13953488,81.30081301,95.23809524,,,
21.825,0.0169,0.0118,0.0109,2.1,,59.17159763,84.74576271,91.74311927,,,
21.9,0.0176,0.0124,0.0107,2.1,,56.81818182,80.64516129,93.45794393,,,
21.975,0.017,0.012,0.0103,2.1,,58.82352941,83.33333333,97.08737864,,,
22.05,0.0171,0.0123,0.0106,2.1,,58.47953216,81.30081301,94.33962264,,,
22.125,0.0169,0.012,0.0102,2.1,,59.17159763,83.33333333,98.03921569,,,
22.2,0.0166,0.0123,0.0103,2.1,,60.24096386,81.30081301,97.08737864,,,
22.275,0.0168,0.0121,0.0106,2.1,,59.52380952,82.6446281,94.33962264,,,
22.35,0.017,0.0119,0.0103,2.1,,58.82352941,84.03361345,97.08737864,,,
22.425,0.017,0.012,0.0104,2.1,,58.82352941,83.33333333,96.15384615,,,
22.5,0.0166,0.0118,0.0107,2.1,,60.24096386,84.74576271,93.45794393,,,
22.575,0.0169,0.0125,0.01,2.1,,59.17159763,80,100,,,
22.65,0.0169,0.0121,0.0101,2.1,,59.17159763,82.6446281,99.00990099,,,
22.725,0.017,0.0118,0.0104,2.1,,58.82352941,84.74576271,96.15384615,,,
22.8,0.0164,0.0122,0.0104,2.1,,60.97560976,81.96721311,96.15384615,,,
22.875,0.0165,0.0125,0.0105,2.1,,60.60606061,80,95.23809524,,,
22.95,0.0164,0.0122,0.0105,2.1,,60.97560976,81.96721311,95.23809524,,,
23.025,0.0164,0.0121,0.0102,2.1,,60.97560976,82.6446281,98.03921569,,,
23.1,0.0169,0.0118,0.0102,2.1,,59.17159763,84.74576271,98.03921569,,,
23.175,0.0169,0.0118,0.0105,2.1,,59.17159763,84.74576271,95.23809524,,,
23.25,0.0166,0.0116,0.0101,2.1,,60.24096386,86.20689655,99.00990099,,,
23.325,0.0164,0.012,0.0101,2.1,,60.97560976,83.33333333,99.00990099,,,
23.4,0.0166,0.0119,0.01,2.1,,60.24096386,84.03361345,100,,,
23.475,0.0163,0.0119,0.0099,2.1,,61.34969325,84.03361345,101.010101,,,
23.55,0.016,0.0122,0.0101,2.1,,62.5,81.96721311,99.00990099,,,
23.625,0.0165,0.012,0.0102,2.1,,60.60606061,83.33333333,98.03921569,,,
23.7,0.0165,0.0119,0.0104,2.1,,60.60606061,84.03361345,96.15384615,,,
23.775,0.0163,0.0117,0.0101,2.1,,61.34969325,85.47008547,99.00990099,,,
23.85,0.0161,0.0118,0.0102,2.1,,62.11180124,84.74576271,98.03921569,,,
23.925,0.0164,0.0118,0.0101,2.1,,60.97560976,84.74576271,99.00990099,,,
24,0.0161,0.012,0.0099,2.1,,62.11180124,83.33333333,101.010101,,,
24.075,0.0159,0.0117,0.0104,2.1,,62.89308176,85.47008547,96.15384615,,,
24.15,0.0161,0.0114,0.0098,2.1,,62.11180124,87.71929825,102.0408163,,,
24.225,0.0158,0.0119,0.01,2.1,,63.29113924,84.03361345,100,,,
24.3,0.0163,0.0119,0.0103,2.1,,61.34969325,84.03361345,97.08737864,,,
24.375,0.0164,0.0116,0.0102,2.1,,60.97560976,86.20689655,98.03921569,,,
24.45,0.0167,0.0119,0.0096,2.1,,59.88023952,84.03361345,104.1666667,,,
24.525,0.0162,0.0121,0.0105,2.1,,61.72839506,82.6446281,95.23809524,,,
24.6,0.0163,0.0114,0.0101,2.1,,61.34969325,87.71929825,99.00990099,,,
24.675,0.0161,0.0114,0.0098,2.1,,62.11180124,87.71929825,102.0408163,,,
24.75,0.0159,0.0117,0.0098,2.1,,62.89308176,85.47008547,102.0408163,,,
24.825,0.0162,0.0114,0.0098,2.1,,61.72839506,87.71929825,102.0408163,,,
24.9,0.016,0.0114,0.0099,2.1,,62.5,87.71929825,101.010101,,,
24.975,0.0159,0.0115,0.0099,2.1,,62.89308176,86.95652174,101.010101,,,
25.05,0.0158,0.0113,0.0099,2.1,,63.29113924,88.49557522,101.010101,,,
25.125,0.0159,0.0115,0.0098,2.1,,62.89308176,86.95652174,102.0408163,,,
25.2,0.0157,0.0112,0.0099,2.1,,63.69426752,89.28571429,101.010101,,,
25.275,0.0158,0.0117,0.0101,2.1,,63.29113924,85.47008547,99.00990099,,,
25.35,0.0155,0.0116,0.0099,2.1,,64.51612903,86.20689655,101.010101,,,
25.425,0.0163,0.0113,0.0101,2.1,,61.34969325,88.49557522,99.00990099,,,
25.5,0.0156,0.0113,0.0098,2.1,,64.1025641,88.49557522,102.0408163,,,
25.575,0.0158,0.0116,0.0098,2.1,,63.29113924,86.20689655,102.0408163,,,
25.65,0.0151,0.0118,0.0098,2.1,,66.22516556,84.74576271,102.0408163,,,
25.725,0.0158,0.0115,0.0098,2.1,,63.29113924,86.95652174,102.0408163,,,
25.8,0.0157,0.0115,0.01,2.1,,63.69426752,86.95652174,100,,,
25.875,0.0155,0.0115,0.0099,2.1,,64.51612903,86.95652174,101.010101,,,
25.95,0.0155,0.0112,0.0099,2.1,,64.51612903,89.28571429,101.010101,,,
26.025,0.0153,0.0115,0.0099,2.1,,65.35947712,86.95652174,101.010101,,,
26.1,0.0155,0.0116,0.0096,2.1,,64.51612903,86.20689655,104.1666667,,,
26.175,0.0155,0.0113,0.0098,2.1,,64.51612903,88.49557522,102.0408163,,,
26.25,0.015,0.0113,0.0098,2.1,,66.66666667,88.49557522,102.0408163,,,
26.325,0.0154,0.0116,0.0098,2.1,,64.93506494,86.20689655,102.0408163,,,
26.4,0.0154,0.0113,0.0097,2.1,,64.93506494,88.49557522,103.0927835,,,
26.475,0.015,0.0119,0.0102,2.1,,66.66666667,84.03361345,98.03921569,,,
26.55,0.0155,0.011,0.0096,2.1,,64.51612903,90.90909091,104.1666667,,,
26.625,0.0157,0.0109,0.0095,2.1,,63.69426752,91.74311927,105.2631579,,,
26.7,0.0153,0.0115,0.0097,2.1,,65.35947712,86.95652174,103.0927835,,,
26.775,0.0154,0.0114,0.01,2.1,,64.93506494,87.71929825,100,,,
26.85,0.0155,0.0114,0.0094,2.1,,64.51612903,87.71929825,106.3829787,,,
26.925,0.0155,0.0112,0.0098,2.1,,64.51612903,89.28571429,102.0408163,,,
27,0.0151,0.0108,0.0101,2.1,,66.22516556,92.59259259,99.00990099,,,
27.075,0.0151,0.0114,0.0098,2.1,,66.22516556,87.71929825,102.0408163,,,
27.15,0.0152,0.0114,0.0098,2.1,,65.78947368,87.71929825,102.0408163,,,
27.225,0.0155,0.0111,0.0101,2.1,,64.51612903,90.09009009,99.00990099,,,
27.3,0.0151,0.0117,0.0097,2.1,,66.22516556,85.47008547,103.0927835,,,
27.375,0.0152,0.011,0.0095,2.1,,65.78947368,90.90909091,105.2631579,,,
27.45,0.0149,0.0114,0.0096,2.1,,67.11409396,87.71929825,104.1666667,,,
27.525,0.0148,0.0109,0.0097,2.1,,67.56756757,91.74311927,103.0927835,,,
27.6,0.0149,0.0114,0.0099,2.1,,67.11409396,87.71929825,101.010101,,,
27.675,0.015,0.0111,0.0097,2.1,,66.66666667,90.09009009,103.0927835,,,
27.75,0.0149,0.0112,0.0095,2.1,,67.11409396,89.28571429,105.2631579,,,
27.825,0.015,0.011,0.0095,2.1,,66.66666667,90.90909091,105.2631579,,,
27.9,0.0148,0.0113,0.0093,2.1,,67.56756757,88.49557522,107.5268817,,,
27.975,0.0149,0.0112,0.0096,2.1,,67.11409396,89.28571429,104.1666667,,,
28.05,0.0147,0.0109,0.0096,2.1,,68.02721088,91.74311927,104.1666667,,,
28.125,0.0151,0.0112,0.0095,2.1,,66.22516556,89.28571429,105.2631579,,,
28.2,0.0146,0.011,0.0097,2.1,,68.49315068,90.90909091,103.0927835,,,
28.275,0.0151,0.011,0.0095,2.1,,66.22516556,90.90909091,105.2631579,,,
28.35,0.0151,0.0115,0.0096,2.1,,66.22516556,86.95652174,104.1666667,,,
28.425,0.0146,0.0111,0.0096,2.1,,68.49315068,90.09009009,104.1666667,,,
28.5,0.0147,0.011,0.0097,2.1,,68.02721088,90.90909091,103.0927835,,,
28.575,0.0146,0.0108,0.0096,2.1,,68.49315068,92.59259259,104.1666667,,,
28.65,0.0146,0.0108,0.0096,2.1,,68.49315068,92.59259259,104.1666667,,,
28.725,0.0144,0.0108,0.0093,2.1,,69.44444444,92.59259259,107.5268817,,,
28.8,0.0146,0.011,0.0094,2.1,,68.49315068,90.90909091,106.3829787,,,
28.875,0.0144,0.011,0.0099,2.1,,69.44444444,90.90909091,101.010101,,,
28.95,0.0146,0.0107,0.0097,2.1,,68.49315068,93.45794393,103.0927835,,,
29.025,0.0145,0.0112,0.0095,2.1,,68.96551724,89.28571429,105.2631579,,,
29.1,0.0148,0.0106,0.0099,2.1,,67.56756757,94.33962264,101.010101,,,
29.175,0.0146,0.011,0.0094,2.1,,68.49315068,90.90909091,106.3829787,,,
29.25,0.0146,0.0111,0.0091,2.1,,68.49315068,90.09009009,109.8901099,,,
29.325,0.0146,0.0107,0.009,2.1,,68.49315068,93.45794393,111.1111111,,,
29.4,0.015,0.0103,0.0092,2.1,,66.66666667,97.08737864,108.6956522,,,
29.475,0.0146,0.0111,0.0095,2.1,,68.49315068,90.09009009,105.2631579,,,
29.55,0.0146,0.011,0.0093,2.1,,68.49315068,90.90909091,107.5268817,,,
29.625,0.0142,0.0109,0.0093,2.1,,70.42253521,91.74311927,107.5268817,,,
29.7,0.0145,0.0111,0.0098,2.1,,68.96551724,90.09009009,102.0408163,,,
29.775,0.0147,0.0108,0.0095,2.1,,68.02721088,92.59259259,105.2631579,,,
29.85,0.0142,0.0105,0.0095,2.1,,70.42253521,95.23809524,105.2631579,,,
29.925,0.0142,0.0107,0.0095,2.1,,70.42253521,93.45794393,105.2631579,,,
30,0.0146,0.0111,0.0092,2.1,,68.49315068,90.09009009,108.6956522,,,
30.075,0.0147,0.0108,0.0093,2.1,,68.02721088,92.59259259,107.5268817,,,
30.15,0.0145,0.0108,0.0094,2.1,,68.96551724,92.59259259,106.3829787,,,
30.225,0.0141,0.0106,0.0093,2.1,,70.92198582,94.33962264,107.5268817,,,
30.3,0.014,0.0114,0.0092,2.1,,71.42857143,87.71929825,108.6956522,,,
30.375,0.0143,0.011,0.0093,2.1,,69.93006993,90.90909091,107.5268817,,,
30.45,0.014,0.0105,0.0094,2.1,,71.42857143,95.23809524,106.3829787,,,
30.525,0.0143,0.0107,0.0094,2.1,,69.93006993,93.45794393,106.3829787,,,
30.6,0.0142,0.0104,0.0095,2.1,,70.42253521,96.15384615,105.2631579,,,
30.675,0.0144,0.0109,0.0094,2.1,,69.44444444,91.74311927,106.3829787,,,
30.75,0.014,0.0108,0.0094,2.1,,71.42857143,92.59259259,106.3829787,,,
30.825,0.0142,0.0106,0.0094,2.1,,70.42253521,94.33962264,106.3829787,,,
30.9,0.014,0.011,0.0093,2.1,,71.42857143,90.90909091,107.5268817,,,
30.975,0.0139,0.0103,0.0094,2.1,,71.94244604,97.08737864,106.3829787,,,
31.05,0.0143,0.0106,0.0093,2.1,,69.93006993,94.33962264,107.5268817,,,
31.125,0.0143,0.0107,0.0094,2.1,,69.93006993,93.45794393,106.3829787,,,
31.2,0.014,0.0105,0.0092,2.1,,71.42857143,95.23809524,108.6956522,,,
31.275,0.014,0.0105,0.0095,2.1,,71.42857143,95.23809524,105.2631579,,,
31.35,0.0144,0.0105,0.0089,2.1,,69.44444444,95.23809524,112.3595506,,,
31.425,0.014,0.0106,0.009,2.1,,71.42857143,94.33962264,111.1111111,,,
31.5,0.0138,0.0104,0.0089,2.1,,72.46376812,96.15384615,112.3595506,,,
31.575,0.0138,0.0102,0.009,2.1,,72.46376812,98.03921569,111.1111111,,,
31.65,0.0141,0.0107,0.0092,2.1,,70.92198582,93.45794393,108.6956522,,,
31.725,0.014,0.0103,0.0092,2.1,,71.42857143,97.08737864,108.6956522,,,
31.8,0.0139,0.0107,0.0092,2.1,,71.94244604,93.45794393,108.6956522,,,
31.875,0.0137,0.0105,0.0093,2.1,,72.99270073,95.23809524,107.5268817,,,
31.95,0.014,0.0107,0.0093,2.1,,71.42857143,93.45794393,107.5268817,,,
32.025,0.0135,0.0108,0.0088,2.1,,74.07407407,92.59259259,113.6363636,,,
32.1,0.0142,0.0106,0.0091,2.1,,70.42253521,94.33962264,109.8901099,,,
32.175,0.014,0.0101,0.0088,2.1,,71.42857143,99.00990099,113.6363636,,,
32.25,0.0136,0.0101,0.0091,2.1,,73.52941176,99.00990099,109.8901099,,,
32.325,0.0137,0.0105,0.0091,2.1,,72.99270073,95.23809524,109.8901099,,,
32.4,0.014,0.0107,0.0093,2.1,,71.42857143,93.45794393,107.5268817,,,
32.475,0.0138,0.0106,0.009,2.1,,72.46376812,94.33962264,111.1111111,,,
32.55,0.0135,0.0103,0.009,2.1,,74.07407407,97.08737864,111.1111111,,,
32.625,0.0137,0.0103,0.0094,2.1,,72.99270073,97.08737864,106.3829787,,,
32.7,0.0138,0.0101,0.0093,2.1,,72.46376812,99.00990099,107.5268817,,,
32.775,0.0136,0.0104,0.009,2.1,,73.52941176,96.15384615,111.1111111,,,
32.85,0.0138,0.0103,0.0086,2.1,,72.46376812,97.08737864,116.2790698,,,
32.925,0.0136,0.0104,0.009,2.1,,73.52941176,96.15384615,111.1111111,,,
33,0.0139,0.0102,0.0091,2.1,,71.94244604,98.03921569,109.8901099,,,
33.075,0.0138,0.0104,0.0093,2.1,,72.46376812,96.15384615,107.5268817,,,
33.15,0.0135,0.0102,0.009,2.1,,74.07407407,98.03921569,111.1111111,,,
33.225,0.0138,0.0105,0.0089,2.1,,72.46376812,95.23809524,112.3595506,,,
33.3,0.0133,0.0106,0.009,2.1,,75.18796992,94.33962264,111.1111111,,,
33.376,0.0138,0.0103,0.0092,2.1,,72.46376812,97.08737864,108.6956522,,,
33.451,0.0138,0.0102,0.0091,2.1,,72.46376812,98.03921569,109.8901099,,,
33.526,0.0136,0.0101,0.0091,2.1,,73.52941176,99.00990099,109.8901099,,,
33.601,0.0133,0.0105,0.0089,2.1,,75.18796992,95.23809524,112.3595506,,,
33.676,0.0138,0.0103,0.0091,2.1,,72.46376812,97.08737864,109.8901099,,,
33.751,0.0135,0.0103,0.0089,2.1,,74.07407407,97.08737864,112.3595506,,,
33.826,0.0136,0.01,0.0089,2.1,,73.52941176,100,112.3595506,,,
33.901,0.0131,0.0101,0.0086,2.1,,76.33587786,99.00990099,116.2790698,,,
33.976,0.0133,0.0098,0.009,2.1,,75.18796992,102.0408163,111.1111111,,,
34.051,0.0133,0.0101,0.009,2.1,,75.18796992,99.00990099,111.1111111,,,
34.126,0.0136,0.0101,0.0088,2.1,,73.52941176,99.00990099,113.6363636,,,
34.201,0.0133,0.0103,0.0092,2.1,,75.18796992,97.08737864,108.6956522,,,
34.276,0.0133,0.0097,0.0088,2.1,,75.18796992,103.0927835,113.6363636,,,
34.351,0.0135,0.01,0.009,2.1,,74.07407407,100,111.1111111,,,
34.426,0.0133,0.0104,0.0089,2.1,,75.18796992,96.15384615,112.3595506,,,
34.501,0.0131,0.0103,0.0089,2.1,,76.33587786,97.08737864,112.3595506,,,
34.576,0.0132,0.0101,0.0087,2.1,,75.75757576,99.00990099,114.9425287,,,
34.651,0.0135,0.0101,0.009,2.1,,74.07407407,99.00990099,111.1111111,,,
34.726,0.0133,0.01,0.0093,2.1,,75.18796992,100,107.5268817,,,
34.801,0.0131,0.0103,0.0088,2.1,,76.33587786,97.08737864,113.6363636,,,
34.876,0.0134,0.01,0.0089,2.1,,74.62686567,100,112.3595506,,,
34.951,0.013,0.0101,0.0087,2.1,,76.92307692,99.00990099,114.9425287,,,
35.026,0.0133,0.01,0.0091,2.1,,75.18796992,100,109.8901099,,,
35.101,0.0128,0.0099,0.0086,2.1,,78.125,101.010101,116.2790698,,,
35.176,0.0126,0.0098,0.0087,2.1,,79.36507937,102.0408163,114.9425287,,,
35.251,0.0134,0.0103,0.0089,2.1,,74.62686567,97.08737864,112.3595506,,,
35.326,0.0133,0.0098,0.0088,2.1,,75.18796992,102.0408163,113.6363636,,,
35.401,0.0131,0.0103,0.0089,2.1,,76.33587786,97.08737864,112.3595506,,,
35.476,0.0132,0.0098,0.0088,2.1,,75.75757576,102.0408163,113.6363636,,,
35.551,0.0128,0.0096,0.0084,2.1,,78.125,104.1666667,119.047619,,,
35.626,0.0127,0.0102,0.0088,2.1,,78.74015748,98.03921569,113.6363636,,,
35.701,0.013,0.0101,0.0087,2.1,,76.92307692,99.00990099,114.9425287,,,
35.776,0.0131,0.0099,0.0088,2.1,,76.33587786,101.010101,113.6363636,,,
35.851,0.0131,0.01,0.009,2.1,,76.33587786,100,111.1111111,,,
35.926,0.0127,0.0099,0.0088,2.1,,78.74015748,101.010101,113.6363636,,,
36.001,0.0133,0.0098,0.0084,2.1,,75.18796992,102.0408163,119.047619,,,
36.076,0.013,0.0099,0.0089,2.1,,76.92307692,101.010101,112.3595506,,,
36.151,0.013,0.0097,0.0086,2.1,,76.92307692,103.0927835,116.2790698,,,
36.226,0.0127,0.0096,0.0087,2.1,,78.74015748,104.1666667,114.9425287,,,
36.301,0.0131,0.0102,0.0088,2.1,,76.33587786,98.03921569,113.6363636,,,
36.376,0.013,0.0098,0.0086,2.1,,76.92307692,102.0408163,116.2790698,,,
36.451,0.0129,0.0101,0.0084,2.1,,77.51937984,99.00990099,119.047619,,,
36.526,0.0127,0.0096,0.0087,2.1,,78.74015748,104.1666667,114.9425287,,,
36.601,0.0126,0.0096,0.0086,2.1,,79.36507937,104.1666667,116.2790698,,,
36.676,0.013,0.0094,0.0087,2.1,,76.92307692,106.3829787,114.9425287,,,
36.751,0.0125,0.01,0.0084,2.1,,80,100,119.047619,,,
36.826,0.0126,0.0098,0.0087,2.1,,79.36507937,102.0408163,114.9425287,,,
36.901,0.0127,0.0097,0.0089,2.1,,78.74015748,103.0927835,112.3595506,,,
36.976,0.0125,0.0097,0.0082,2.1,,80,103.0927835,121.9512195,,,
37.051,0.0125,0.0101,0.0088,2.1,,80,99.00990099,113.6363636,,,
37.126,0.0123,0.0099,0.0089,2.1,,81.30081301,101.010101,112.3595506,,,
37.201,0.0128,0.0098,0.0083,2.1,,78.125,102.0408163,120.4819277,,,
37.276,0.0127,0.0096,0.0085,2.1,,78.74015748,104.1666667,117.6470588,,,